model_name,train_accuracy,train_f1,test_accuracy,test_f1,test_precision,test_recall,overfit_gap,train_time_sec,inference_time_ms,memory_mb,num_parameters
BERT,0.824,0.8239655158338164,0.8053333333333333,0.8053388705578942,0.8055276782158503,0.8053333333333333,0.01866666666666661,217.36132669448853,5.283052762349446,807.8359375,109.483778
DistilBERT,0.836,0.8360082473849756,0.7946666666666666,0.7946316071551379,0.7946983241283759,0.7946666666666666,0.04133333333333333,114.47701144218445,2.6822500228881836,78.20703125,66.95501
RoBERTa,0.8254285714285714,0.8254018390368756,0.7973333333333333,0.7972612227954693,0.7974729344729344,0.7973333333333333,0.028095238095238062,226.54619646072388,5.2462921142578125,214.26953125,124.64717
