model_name,score_f1_test,score_overfit,score_speed,score_efficiency,total_score
BERT,1.0,1.0,0.08195713892909913,0.2628328008519702,0.7058163479136154
DistilBERT,0.0,0.0,1.0,1.0,0.35
RoBERTa,0.24559175780194684,0.5840336134453782,0.0,0.0,0.22732301369995173
