model_name,score_f1_test,score_overfit,score_speed,score_memory,score_token_loss,total_score
BERT,1.0,0.25650557620818204,1.0,0.012560574745322527,0.3041483999845791,0.5889923525667986
RoBERTa,0.0,1.0,0.0,1.0,0.3041483999845791,0.36082967999691584
DistilBERT,0.3238493639443417,0.0,0.9531419901508595,0.0,0.3041483999845791,0.2856836245897385
