model_name,train_cpu_time,train_wall_time,memory_delta_mb,train_accuracy,train_f1,test_accuracy,test_f1,test_precision,test_recall,inference_time,inference_time_per_sample_ms,overfit_gap,cv_f1_mean,cv_f1_std
XGBoost,2.796875,0.2378082000068389,106.94921875,0.86425,0.8641481110833125,0.781,0.7871720116618076,0.7758620689655172,0.7988165680473372,0.00114969999413006,0.00114969999413006,0.08324999999999994,0.7829983601777392,0.015346572378545831
AdaBoost,1.984375,0.2076589999924181,0.2421875,0.702,0.6844891476971943,0.699,0.6759956942949408,0.7440758293838863,0.6193293885601578,0.0037426000053528696,0.0037426000053528696,0.0030000000000000027,0.6503829774830915,0.06201749207449294
GradientBoosting,0.0625,0.061680600003455766,-0.17578125,0.78725,0.7876216620913401,0.775,0.7796278158667973,0.77431906614786,0.7850098619329389,0.0004931000003125519,0.0004931000003125519,0.012249999999999983,0.7752478546100872,0.01956257223410333
